"ID","Par1","Par2","nCycles"
"pt7US3powmFm","Orexlyf618Ag","yIbNf9PsaY3S",6
"IqpssuKtCbOi","Ses39htiYJ2A","Mgv2HJDsckAd",6
"z6Oxr7EsXfPK","js0aeAzbYXmV","Mgv2HJDsckAd",6
"vgbFX46SvmA8","Ses39htiYJ2A","Mgv2HJDsckAd",6
"aMvwDMn2tGXe","js0aeAzbYXmV","Mgv2HJDsckAd",6
"Bu3Mm43wbU2X","Orexlyf618Ag","yIbNf9PsaY3S",6
"XgdSiNXdE0Bf","Ses39htiYJ2A","Mgv2HJDsckAd",6
"TaWfFFxrpdrI","j8IboJtJOyIG","e2lBTDxw43uq",6
"D1LwdRiXhFWv","Ses39htiYJ2A","Mgv2HJDsckAd",6
"DYgIS2kbwPwC","js0aeAzbYXmV","Mgv2HJDsckAd",6
"2fE71xZ3XDk6","Orexlyf618Ag","yIbNf9PsaY3S",6
"d8v1KjOytdWn","fQt83eBD3ClN","vhREvij6bcZ5",6
"Vd9VGBpRsu4Q","fQt83eBD3ClN","vhREvij6bcZ5",6
"dzJFJmkdAKzr","Ses39htiYJ2A","Mgv2HJDsckAd",6
"cief80nZwOto","js0aeAzbYXmV","Mgv2HJDsckAd",6
"0j4pHiSUzWMv","BxZvSui1gUsF","ZeAxv4Ptvd4f",6
"rNNbmoYAkRpI","js0aeAzbYXmV","Mgv2HJDsckAd",6
"wR8l3sUFLtg3","js0aeAzbYXmV","XbZKxrzuN9kD",6
"Cdr2XgISMmhQ","Orexlyf618Ag","vhREvij6bcZ5",6
"wq6XhV6LDdhI","pBEL4V88AyIO","e2lBTDxw43uq",6
"Z2AnjJdDktiO","5e6kbk6C0ETq","acXGIq79KFA1",6
"JYCIf3zDNgoT","Orexlyf618Ag","yIbNf9PsaY3S",6
"we1L2ZchxlKi","5e6kbk6C0ETq","acXGIq79KFA1",6
"mrzvzKKuK1vZ","BxZvSui1gUsF","ZeAxv4Ptvd4f",6
"zl8V8SzuJ8dO","BxZvSui1gUsF","ZeAxv4Ptvd4f",6
"e7EWwuzmQ8fs","Cs1yxINnnrTh","ijXppBKqeBN1",6
"qDMBCzQCxYZL","o36DXc3yjKvh","GyI894ka0iHn",6
"rxgQExxjvNti","j8IboJtJOyIG","pBEL4V88AyIO",6
"GzayigImuiEn","BxZvSui1gUsF","ZeAxv4Ptvd4f",6
"emI86B3A6qc9","Cs1yxINnnrTh","acXGIq79KFA1",6
"wdtuQ5An9hc7","js0aeAzbYXmV","nz7JhcCB6aKL",6
"vTbE30VmJa5x","Orexlyf618Ag","yIbNf9PsaY3S",6
"1GerziEN1E1q","wWxPdSP4BjVL","XbZKxrzuN9kD",6
"HlhJbHb0oI5c","BxZvSui1gUsF","ZeAxv4Ptvd4f",6
"mvf9iNl96tnQ","Ses39htiYJ2A","Mgv2HJDsckAd",6
"e5MMRVoRMP0x","Orexlyf618Ag","yIbNf9PsaY3S",6
"X2zH0rXriIPb","Ses39htiYJ2A","Mgv2HJDsckAd",6
"FSSgb6j4T46j","j8IboJtJOyIG","pBEL4V88AyIO",6
"o74v5Q33LhMQ","Ses39htiYJ2A","Mgv2HJDsckAd",6
"u9rdBaMgZ6GU","eFxpQ3L9pHys","nz7JhcCB6aKL",6
"7UPIobzhy2EX","wWxPdSP4BjVL","seRg6TAM2F0c",6
"ljcpShNHLyCT","js0aeAzbYXmV","Mgv2HJDsckAd",6
"RExqncTZSo64","Ses39htiYJ2A","Mgv2HJDsckAd",6
"8bWdB4c0a9ZF","eFxpQ3L9pHys","M3bzuOMeD3x1",6
"DKMCYxBs07GQ","Ses39htiYJ2A","Mgv2HJDsckAd",6
"FY3EuSzOSBae","fQt83eBD3ClN","vhREvij6bcZ5",6
"skvxGN8h4aLx","wWxPdSP4BjVL","zw0yxFLY7Wa2",6
"BvVhyL5oi4Zn","Cs1yxINnnrTh","acXGIq79KFA1",6
"moW6pepX3Ln1","BxZvSui1gUsF","nz7JhcCB6aKL",6
"CibQD6rXnniO","fQt83eBD3ClN","vhREvij6bcZ5",6
"DbI1LpnXRF2a","Orexlyf618Ag","vhREvij6bcZ5",6
"FYyQ77AK1Uic","eFxpQ3L9pHys","M3bzuOMeD3x1",6
"tX2Yzm4JBz8M","Orexlyf618Ag","yIbNf9PsaY3S",6
"8v2TfzWWJ0II","Ses39htiYJ2A","Mgv2HJDsckAd",6
"REzJORCjTfKi","js0aeAzbYXmV","XbZKxrzuN9kD",6
"kws0kTwGyKEV","wWxPdSP4BjVL","zw0yxFLY7Wa2",6
"3DpKnBDdZDeW","pBEL4V88AyIO","GyI894ka0iHn",6
"yNVoRSGrWjdx","YmJUTW1Jzzn0","yIbNf9PsaY3S",6
"nwMiCbiR9LDB","Ses39htiYJ2A","Mgv2HJDsckAd",6
"WzswCksc5UQz","wWxPdSP4BjVL","XbZKxrzuN9kD",6
"w25wTLfOQVzT","js0aeAzbYXmV","Mgv2HJDsckAd",6
"xCPKqirdqRvm","eFxpQ3L9pHys","M3bzuOMeD3x1",6
"Yiti6NhFBpNN","BxZvSui1gUsF","j0zxzLCGIpgR",6
"YHyFfACDjLAZ","eFxpQ3L9pHys","M3bzuOMeD3x1",6
"aNoG3YvTXSva","eFxpQ3L9pHys","nz7JhcCB6aKL",6
"jRXEJx6dx91O","Ses39htiYJ2A","Mgv2HJDsckAd",6
"vznQq0paGh7b","wWxPdSP4BjVL","zw0yxFLY7Wa2",6
"IxOg6Dkfbymf","BxZvSui1gUsF","nz7JhcCB6aKL",6
"PCnDBZUQTfiw","Orexlyf618Ag","yIbNf9PsaY3S",6
"cmgBsJ2pU0AQ","wWxPdSP4BjVL","zw0yxFLY7Wa2",6
"5oTebDqj030e","BxZvSui1gUsF","ZeAxv4Ptvd4f",6
"H2m6UblnGUGL","eFxpQ3L9pHys","e2lBTDxw43uq",6
"Vtpkrn3g6wyj","BxZvSui1gUsF","ZeAxv4Ptvd4f",6
"DGPpgoHcCzC7","wWxPdSP4BjVL","zw0yxFLY7Wa2",6
"eT7SDaK5Nvo7","Orexlyf618Ag","yIbNf9PsaY3S",6
"J3rN7AXovIZy","js0aeAzbYXmV","Mgv2HJDsckAd",6
"er8f4Mcxghvv","js0aeAzbYXmV","nz7JhcCB6aKL",6
"lUXdnBZ2cTqb","YmJUTW1Jzzn0","yIbNf9PsaY3S",6
"xHDTNdTburxB","Ses39htiYJ2A","Mgv2HJDsckAd",6
"jlIVoUb2fgDL","YmJUTW1Jzzn0","yIbNf9PsaY3S",6
"Devii28dMKd3","Orexlyf618Ag","vhREvij6bcZ5",6
"ZwGY1v57kskS","Orexlyf618Ag","yIbNf9PsaY3S",6
"8dqBt9IpO7Wp","eFxpQ3L9pHys","M3bzuOMeD3x1",6
"RLAaRum9vHQx","7iiiinvyb0Fq","zw0yxFLY7Wa2",6
"EzpJNni92vE1","eFxpQ3L9pHys","M3bzuOMeD3x1",6
"x1m7w94lcKiH","wWxPdSP4BjVL","zw0yxFLY7Wa2",6
"qyAnlkBIhDi3","j8IboJtJOyIG","pBEL4V88AyIO",6
"nlcr2mqLZQ6N","Ses39htiYJ2A","Mgv2HJDsckAd",6
"bg3E8bHMS40z","Ses39htiYJ2A","Mgv2HJDsckAd",6
"lbwzkLXNbenZ","wWxPdSP4BjVL","zw0yxFLY7Wa2",6
"XHvJhsSp2yuY","Cs1yxINnnrTh","ijXppBKqeBN1",6
"adyVb656UCnj","YmJUTW1Jzzn0","yIbNf9PsaY3S",6
"QnnnIbW5ARFR","eFxpQ3L9pHys","M3bzuOMeD3x1",6
"MZN4HZmkx81k","js0aeAzbYXmV","Mgv2HJDsckAd",6
"ohgLklZsjw8H","eFxpQ3L9pHys","M3bzuOMeD3x1",6
"yabkUGE7t1uW","eFxpQ3L9pHys","M3bzuOMeD3x1",6
"CULhbQchA83M","Ses39htiYJ2A","Mgv2HJDsckAd",6
"ejoSpQfbuRoE","pBEL4V88AyIO","e2lBTDxw43uq",6
"bUwmtj49Ad9z","js0aeAzbYXmV","XbZKxrzuN9kD",6
"EUR6CwlwNvmw","Orexlyf618Ag","yIbNf9PsaY3S",6
"JeFFYw9gjMdG","5e6kbk6C0ETq","Mgv2HJDsckAd",6
"mG7I0KRGNZUI","js0aeAzbYXmV","XbZKxrzuN9kD",6
"4TgKVz8izAWq","5e6kbk6C0ETq","acXGIq79KFA1",6
"Bnwt5fn928LJ","Ses39htiYJ2A","Mgv2HJDsckAd",6
"Rcl2UNouKHnK","fQt83eBD3ClN","vhREvij6bcZ5",6
"fsTegDz5qmfg","fQt83eBD3ClN","vhREvij6bcZ5",6
"XysXwckyVDC3","wWxPdSP4BjVL","zw0yxFLY7Wa2",6
"ysBWZ1f4tEfh","fQt83eBD3ClN","vhREvij6bcZ5",6
"InvyKX3pED6S","wWxPdSP4BjVL","XbZKxrzuN9kD",6
"hgJXZDXIFGA1","o36DXc3yjKvh","GyI894ka0iHn",6
"FF5sWEQjkB7U","fQt83eBD3ClN","vhREvij6bcZ5",6
"UZN3ynz4Ud0S","js0aeAzbYXmV","nz7JhcCB6aKL",6
"E3BqWijZRpPh","js0aeAzbYXmV","nz7JhcCB6aKL",6
"JZCzbVjiGMzM","Orexlyf618Ag","yIbNf9PsaY3S",6
"2ZqQocaSvhKV","js0aeAzbYXmV","Mgv2HJDsckAd",6
"RmIpi7W7hX07","Orexlyf618Ag","yIbNf9PsaY3S",6
"ejsfSLavUXyM","js0aeAzbYXmV","nz7JhcCB6aKL",6
"q9lGHXYtB4OZ","wWxPdSP4BjVL","zw0yxFLY7Wa2",6
"50dnYPHwwM1v","Orexlyf618Ag","vhREvij6bcZ5",6
"DlmMInSEPbju","wWxPdSP4BjVL","XbZKxrzuN9kD",6
"Kz3o9PTr29RW","Ses39htiYJ2A","Mgv2HJDsckAd",6
"w3OfP8dhSpAB","Orexlyf618Ag","yIbNf9PsaY3S",6
"k6jZ9vw1L6fF","Cs1yxINnnrTh","acXGIq79KFA1",6
"HpgJ9pxzC1k4","YmJUTW1Jzzn0","yIbNf9PsaY3S",6
"5oxypwybgw8A","wWxPdSP4BjVL","seRg6TAM2F0c",6
"0BAD3PtQrzvz","eFxpQ3L9pHys","M3bzuOMeD3x1",6
"Zy4mjjuTBx6k","pBEL4V88AyIO","e2lBTDxw43uq",6
"rkV32oTus9Gu","Orexlyf618Ag","yIbNf9PsaY3S",6
"B2uz7RldSNWs","Ses39htiYJ2A","Mgv2HJDsckAd",6
"kL61MZOl9CUU","eFxpQ3L9pHys","M3bzuOMeD3x1",6
"tzdJBS0XYcZI","fQt83eBD3ClN","vhREvij6bcZ5",6
"qJJKyGyUK4Uk","pBEL4V88AyIO","e2lBTDxw43uq",6
"vf0P29RHxaRc","eFxpQ3L9pHys","M3bzuOMeD3x1",6
"ouiUXdC1KBcn","7iiiinvyb0Fq","zw0yxFLY7Wa2",6
"I77rQvbRxw2e","7iiiinvyb0Fq","wx3pHVDwDubr",6
"AmeWw6jphwpN","YmJUTW1Jzzn0","yIbNf9PsaY3S",6
"74smS8ddZ8Qc","BxZvSui1gUsF","ZeAxv4Ptvd4f",6
"lQqGbiNr8M7Z","j8IboJtJOyIG","pBEL4V88AyIO",6
"HQIMfExpUJzL","wWxPdSP4BjVL","XbZKxrzuN9kD",6
"0I2B7LX0TGbA","eFxpQ3L9pHys","M3bzuOMeD3x1",6
"hcB64Gp4LsJ4","Cs1yxINnnrTh","acXGIq79KFA1",6
"OLPFhwav2eTH","js0aeAzbYXmV","XbZKxrzuN9kD",6
"Kbsradwwslj6","wWxPdSP4BjVL","zw0yxFLY7Wa2",6
"nDXGVLqcggVg","pBEL4V88AyIO","e2lBTDxw43uq",6
"eGjkXLiu2lkW","fQt83eBD3ClN","seRg6TAM2F0c",6
"NFq39jwNg3n2","j8IboJtJOyIG","pBEL4V88AyIO",6
"gPjyF67LjlDJ","pBEL4V88AyIO","GyI894ka0iHn",6
"bbsoIglvXE5q","Orexlyf618Ag","XbZKxrzuN9kD",6
"rgHI3dqQx7HV","Ses39htiYJ2A","Mgv2HJDsckAd",6
"3dtHoubv2NkV","js0aeAzbYXmV","nz7JhcCB6aKL",6
"MSk2A5QEzt46","wWxPdSP4BjVL","zw0yxFLY7Wa2",6
"7pwCHShHc0qm","wWxPdSP4BjVL","zw0yxFLY7Wa2",6
"KNWW0GbyM61B","wWxPdSP4BjVL","zw0yxFLY7Wa2",6
"o9IJ33zhStEA","wWxPdSP4BjVL","zw0yxFLY7Wa2",6
"g6rG9mk6zASy","js0aeAzbYXmV","XbZKxrzuN9kD",6
"ru4ZBnphO4zG","eFxpQ3L9pHys","M3bzuOMeD3x1",6
"Jt0BNGPUpH9I","fQt83eBD3ClN","ijXppBKqeBN1",6
"fSCTPhxAbgAd","Ses39htiYJ2A","Mgv2HJDsckAd",6
"tlIUVbNzgyeW","wWxPdSP4BjVL","zw0yxFLY7Wa2",6
"tLThYuIgI6kM","YmJUTW1Jzzn0","wx3pHVDwDubr",6
"yC4MVHtuDVGY","BxZvSui1gUsF","ZeAxv4Ptvd4f",6
"WkKjF5w2gXIw","js0aeAzbYXmV","XbZKxrzuN9kD",6
"LYbr9RveulJO","YmJUTW1Jzzn0","yIbNf9PsaY3S",6
"b11ZnV4dPxyM","Orexlyf618Ag","yIbNf9PsaY3S",6
"RSx7bH0jXkuB","fQt83eBD3ClN","vhREvij6bcZ5",6
"phGTiYh2on1B","js0aeAzbYXmV","Mgv2HJDsckAd",6
"RoTYxCPxIuQh","eFxpQ3L9pHys","M3bzuOMeD3x1",6
"xOGAGW5eHso6","eFxpQ3L9pHys","M3bzuOMeD3x1",6
"4EK83UUtn1nl","js0aeAzbYXmV","nz7JhcCB6aKL",6
"qxZeAKEzUQUL","wWxPdSP4BjVL","zw0yxFLY7Wa2",6
"b3DGmUwi3PeE","js0aeAzbYXmV","XbZKxrzuN9kD",6
"XZHdaP56TNU7","eFxpQ3L9pHys","M3bzuOMeD3x1",6
"5YeLbdumrNxj","js0aeAzbYXmV","XbZKxrzuN9kD",6
"lVnJTDroLPZn","eFxpQ3L9pHys","M3bzuOMeD3x1",6
"r0kwo1GexAe7","fQt83eBD3ClN","ijXppBKqeBN1",6
"16c9g4GLfMBE","7iiiinvyb0Fq","zw0yxFLY7Wa2",6
"K1mXGn0fot09","eFxpQ3L9pHys","M3bzuOMeD3x1",6
"7RaDCJGKhoA3","o36DXc3yjKvh","GyI894ka0iHn",6
"uAVu6l3PW8Lz","wWxPdSP4BjVL","zw0yxFLY7Wa2",6
"taXfR8g14LWP","wWxPdSP4BjVL","zw0yxFLY7Wa2",6
"X7j8zrgRBB6M","fQt83eBD3ClN","ijXppBKqeBN1",6
"CBoUMzGXxgQt","Cs1yxINnnrTh","acXGIq79KFA1",6
"9iNYqUPDORuf","js0aeAzbYXmV","Mgv2HJDsckAd",6
"sgglrbeVK7ch","fQt83eBD3ClN","vhREvij6bcZ5",6
"bSaZGH6t0wwZ","BxZvSui1gUsF","ZeAxv4Ptvd4f",6
"FpaOlYe0Afme","Orexlyf618Ag","XbZKxrzuN9kD",6
"1X0j1UbadpHP","7iiiinvyb0Fq","wx3pHVDwDubr",6
"4vrdtGAPXuC7","Orexlyf618Ag","yIbNf9PsaY3S",6
"011Y5Z6If9Xm","Ses39htiYJ2A","Mgv2HJDsckAd",6
"Pec8dWphnRl7","o36DXc3yjKvh","seRg6TAM2F0c",6
"MeXLkCGeB4OD","eFxpQ3L9pHys","nz7JhcCB6aKL",6
"IsCrmF2zokhJ","wWxPdSP4BjVL","XbZKxrzuN9kD",6
"PcsXjEczBcZ2","o36DXc3yjKvh","seRg6TAM2F0c",6
"2Jq3Oh9uZpls","Ses39htiYJ2A","Mgv2HJDsckAd",6
"QKauDwEaQq6u","js0aeAzbYXmV","Mgv2HJDsckAd",6
"PsmqKJgJzgYO","Orexlyf618Ag","yIbNf9PsaY3S",6
"S1ENCB9QTXj4","o36DXc3yjKvh","seRg6TAM2F0c",6
"2MQCYba91oh1","Orexlyf618Ag","yIbNf9PsaY3S",6
"ZEt1OZydX7jg","YmJUTW1Jzzn0","wx3pHVDwDubr",6
"dtSg4QcmAVEM","eFxpQ3L9pHys","M3bzuOMeD3x1",6
"kECW5K5ZqMd3","js0aeAzbYXmV","nz7JhcCB6aKL",6
"e7Sv2AePLoCb","wWxPdSP4BjVL","zw0yxFLY7Wa2",6
"Pr0M8GC11ZMy","Ses39htiYJ2A","Mgv2HJDsckAd",6
"FMVbAIDO8kIq","5e6kbk6C0ETq","Mgv2HJDsckAd",6
"lVd4wEHsh3WR","YmJUTW1Jzzn0","yIbNf9PsaY3S",6
"91T3YazombUd","YmJUTW1Jzzn0","yIbNf9PsaY3S",6
"axUeH1hrrzLW","js0aeAzbYXmV","Mgv2HJDsckAd",6
"XeRpKpTwPXS9","pBEL4V88AyIO","GyI894ka0iHn",6
"LmCvy8AIqz8k","eFxpQ3L9pHys","M3bzuOMeD3x1",6
"gHJFSk4DAUG3","fQt83eBD3ClN","vhREvij6bcZ5",6
"eftrGkwpu96Q","js0aeAzbYXmV","XbZKxrzuN9kD",6
"Vy9mXBdBSvi0","BxZvSui1gUsF","nz7JhcCB6aKL",6
"rLueM5aCMyKK","wWxPdSP4BjVL","zw0yxFLY7Wa2",6
"kBY52heFNe5Q","YmJUTW1Jzzn0","yIbNf9PsaY3S",6
"Y5laqIDbrLT9","js0aeAzbYXmV","XbZKxrzuN9kD",6
"r3hWg7iPC4lG","Orexlyf618Ag","yIbNf9PsaY3S",6
"Gy4SqsJk92zW","Orexlyf618Ag","yIbNf9PsaY3S",6
"FCkH8y5NsKl4","eFxpQ3L9pHys","M3bzuOMeD3x1",6
"4Qf3UAY4jzE7","wWxPdSP4BjVL","zw0yxFLY7Wa2",6
"vHYpFSnYN8v5","BxZvSui1gUsF","ZeAxv4Ptvd4f",6
"irc3IskkgcsW","YmJUTW1Jzzn0","yIbNf9PsaY3S",6
"CtNJT7AE5AmX","Ses39htiYJ2A","Mgv2HJDsckAd",6
"X9TosNHSztWQ","js0aeAzbYXmV","XbZKxrzuN9kD",6
"BVSQ26PNvTBU","BxZvSui1gUsF","ZeAxv4Ptvd4f",6
"S6Wqob33A7CT","5e6kbk6C0ETq","acXGIq79KFA1",6
"tZWdpN3faddQ","js0aeAzbYXmV","Mgv2HJDsckAd",6
"uIunsmUJkQCr","Orexlyf618Ag","vhREvij6bcZ5",6
"eyXWBCCHpXik","Ses39htiYJ2A","Mgv2HJDsckAd",6
"fSJXn9Ise3Yc","Cs1yxINnnrTh","acXGIq79KFA1",6
"zJptmnpnerq8","js0aeAzbYXmV","XbZKxrzuN9kD",6
"niiQJef3vNTV","Ses39htiYJ2A","Mgv2HJDsckAd",6
"JPoBeYc0sQHT","js0aeAzbYXmV","nz7JhcCB6aKL",6
"RTBNia7EHM3Y","wWxPdSP4BjVL","XbZKxrzuN9kD",6
"SbciFYGU3mVC","js0aeAzbYXmV","nz7JhcCB6aKL",6
"sKAe1vT9v6zF","YmJUTW1Jzzn0","wx3pHVDwDubr",6
"NwcJAlyrzbci","o36DXc3yjKvh","GyI894ka0iHn",6
"Uq6PeyYS3rr8","Orexlyf618Ag","vhREvij6bcZ5",6
"euYYQ1w1pmes","Ses39htiYJ2A","Mgv2HJDsckAd",6
"LOkAjtfwyDpA","eFxpQ3L9pHys","M3bzuOMeD3x1",6
"cb50m9Te0gR6","eFxpQ3L9pHys","M3bzuOMeD3x1",6
"HDCrFBmIeWvT","BxZvSui1gUsF","ZeAxv4Ptvd4f",6
"ltiwn989t2Gb","Ses39htiYJ2A","Mgv2HJDsckAd",6
"ErVX9LMcINvU","Ses39htiYJ2A","Mgv2HJDsckAd",6
"snOOCvUt0yKn","fQt83eBD3ClN","seRg6TAM2F0c",6
"hlIqiYc6okV0","Ses39htiYJ2A","Mgv2HJDsckAd",6
"1ZgSIgLzPMms","pBEL4V88AyIO","GyI894ka0iHn",6
"WDbRYLBKko9z","wWxPdSP4BjVL","XbZKxrzuN9kD",6
"gKmDpPKgrpRe","j8IboJtJOyIG","pBEL4V88AyIO",6
"g7R6CrRYNgd4","wWxPdSP4BjVL","seRg6TAM2F0c",6
"TxKpocleIGbO","Ses39htiYJ2A","Mgv2HJDsckAd",6
"w83lyQnsTg2K","j8IboJtJOyIG","e2lBTDxw43uq",6
"pt4tvAfmL80H","Cs1yxINnnrTh","ijXppBKqeBN1",6
"3A40viGmb42y","fQt83eBD3ClN","ijXppBKqeBN1",6
"jlBbpUcLiWqU","5e6kbk6C0ETq","77x37Oj0Rx5E",6
"R6SauSUX1qko","fQt83eBD3ClN","vhREvij6bcZ5",6
"wAE4hQBj7HXZ","j8IboJtJOyIG","e2lBTDxw43uq",6
"HMetQG1S1Dp3","js0aeAzbYXmV","nz7JhcCB6aKL",6
"QmuMSu9WEZl8","pBEL4V88AyIO","e2lBTDxw43uq",6
"WeqpitHPJ8L2","BxZvSui1gUsF","ZeAxv4Ptvd4f",6
"t9fucgpdBQ0A","BxZvSui1gUsF","ZeAxv4Ptvd4f",6
"htJH6xQy6nqL","YmJUTW1Jzzn0","wx3pHVDwDubr",6
"ZHvmwRjy8MfI","eFxpQ3L9pHys","e2lBTDxw43uq",6
"fGwMphCzU08L","5e6kbk6C0ETq","77x37Oj0Rx5E",6
"WS1LjnT6Oja1","YmJUTW1Jzzn0","yIbNf9PsaY3S",6
"awjV5rRQaIco","fQt83eBD3ClN","vhREvij6bcZ5",6
"zeysrp3tCxDJ","wWxPdSP4BjVL","zw0yxFLY7Wa2",6
"izDinLHWPblt","Orexlyf618Ag","XbZKxrzuN9kD",6
"g1YnYRYYXjco","eFxpQ3L9pHys","M3bzuOMeD3x1",6
"HzaDy8CUHaqL","o36DXc3yjKvh","GyI894ka0iHn",6
"ZLRYdl5O18eG","wWxPdSP4BjVL","zw0yxFLY7Wa2",6
"k3cZnG3JFxdu","wWxPdSP4BjVL","zw0yxFLY7Wa2",6
"Q0RFWv0yBLd3","j8IboJtJOyIG","pBEL4V88AyIO",6
"4lqI0Oj0KQNe","wWxPdSP4BjVL","zw0yxFLY7Wa2",6
"LaWA70BgXmDl","YmJUTW1Jzzn0","yIbNf9PsaY3S",6
"Ned31ux4O2U2","js0aeAzbYXmV","XbZKxrzuN9kD",6
"DPhFZF20AojG","o36DXc3yjKvh","GyI894ka0iHn",6
"XY0Rc2so8zSS","Ses39htiYJ2A","Mgv2HJDsckAd",6
"JIhZYtLfSYpW","wWxPdSP4BjVL","zw0yxFLY7Wa2",6
"8VcynLtGIqIt","eFxpQ3L9pHys","M3bzuOMeD3x1",6
"rOKHf4jkLntQ","wWxPdSP4BjVL","zw0yxFLY7Wa2",6
"jicECyvPofpj","wWxPdSP4BjVL","XbZKxrzuN9kD",6
"HMFReD536Vg5","js0aeAzbYXmV","Mgv2HJDsckAd",6
"kOIpSXMCYklQ","wWxPdSP4BjVL","zw0yxFLY7Wa2",6
"sg0OJcMEtdEx","eFxpQ3L9pHys","e2lBTDxw43uq",6
"2Hix1wy0hpVf","BxZvSui1gUsF","nz7JhcCB6aKL",6
"BSJnJgqTI4SC","wWxPdSP4BjVL","zw0yxFLY7Wa2",6
"ZtgdSmrGYa1K","Ses39htiYJ2A","Mgv2HJDsckAd",6
"6MGa0JxTv2gp","Orexlyf618Ag","yIbNf9PsaY3S",6
"PISzXyeUPZdS","BxZvSui1gUsF","ZeAxv4Ptvd4f",6
"KH4txabQB8eV","wWxPdSP4BjVL","zw0yxFLY7Wa2",6
"y9EaAghLecE2","Orexlyf618Ag","yIbNf9PsaY3S",6
"G7fxKOl4Bk12","wWxPdSP4BjVL","zw0yxFLY7Wa2",6
"Imnn0CWvggio","Orexlyf618Ag","XbZKxrzuN9kD",6
"Z4FcM31LPsnE","5e6kbk6C0ETq","Mgv2HJDsckAd",6
"0KUeOfmo1vYS","Orexlyf618Ag","yIbNf9PsaY3S",6
"PbDgWmZJ9WyA","j8IboJtJOyIG","e2lBTDxw43uq",6
"NM0D2nLrrnbN","Ses39htiYJ2A","Mgv2HJDsckAd",6
"QlcSRjSyk0Ic","wWxPdSP4BjVL","XbZKxrzuN9kD",6
"FlOInbpojB9T","Ses39htiYJ2A","Mgv2HJDsckAd",6
"8qmKMkY09eP7","YmJUTW1Jzzn0","yIbNf9PsaY3S",6
"MLpVNnMcCxi2","j8IboJtJOyIG","pBEL4V88AyIO",6
"M4ko7v1NILhH","js0aeAzbYXmV","XbZKxrzuN9kD",6
"wia7s7e835Os","BxZvSui1gUsF","ZeAxv4Ptvd4f",6
"3EoH64WSG81a","o36DXc3yjKvh","GyI894ka0iHn",6
"31oJ7pr16fCw","Cs1yxINnnrTh","ijXppBKqeBN1",6
"7y4OhUHXQgpx","YmJUTW1Jzzn0","yIbNf9PsaY3S",6
"r8bV6xrxit3u","wWxPdSP4BjVL","zw0yxFLY7Wa2",6
"g4GxgVRHYYm9","Ses39htiYJ2A","Mgv2HJDsckAd",6
"PWM1IY967DY3","BxZvSui1gUsF","ZeAxv4Ptvd4f",6
"K14wyU61RiyL","wWxPdSP4BjVL","seRg6TAM2F0c",6
"2cCuVdNNU2wY","7iiiinvyb0Fq","wx3pHVDwDubr",6
"cUvtM9LOZerk","Orexlyf618Ag","yIbNf9PsaY3S",6
"JbdWLA2qyLF6","BxZvSui1gUsF","ZeAxv4Ptvd4f",6
"sb29VIm9enRy","Orexlyf618Ag","yIbNf9PsaY3S",6
"kWYrfrgzOKX8","eFxpQ3L9pHys","M3bzuOMeD3x1",6
"y2BymZTAXy6o","Ses39htiYJ2A","Mgv2HJDsckAd",6
"9hwoUtDqPbLi","wWxPdSP4BjVL","seRg6TAM2F0c",6
"9jLK697eL77J","wWxPdSP4BjVL","zw0yxFLY7Wa2",6
"P6lrW2oyveYD","fQt83eBD3ClN","vhREvij6bcZ5",6
"yJo0wrqoRQo2","Ses39htiYJ2A","Mgv2HJDsckAd",6
"yZKToehHCWUj","BxZvSui1gUsF","ZeAxv4Ptvd4f",6
"ExgVv3JNrS0B","BxZvSui1gUsF","nz7JhcCB6aKL",6
"3IIu1xRvTaw0","YmJUTW1Jzzn0","yIbNf9PsaY3S",6
"dxmvdUAezxAY","Cs1yxINnnrTh","j0zxzLCGIpgR",6
"Ya0oqKDIcuK6","wWxPdSP4BjVL","zw0yxFLY7Wa2",6
"aGjRPA9v6lkJ","Orexlyf618Ag","yIbNf9PsaY3S",6
"Q6Z7XTJS9N9H","Cs1yxINnnrTh","j0zxzLCGIpgR",6
"m9jgfOsdhgzD","pBEL4V88AyIO","GyI894ka0iHn",6
"djej4U4VhBC8","BxZvSui1gUsF","ZeAxv4Ptvd4f",6
"Em2hXbWdHOHl","fQt83eBD3ClN","vhREvij6bcZ5",6
"7dS4X1usyfif","pBEL4V88AyIO","e2lBTDxw43uq",6
"1udZD8FoVtM2","BxZvSui1gUsF","ZeAxv4Ptvd4f",6
"ksd0MAW4itN4","BxZvSui1gUsF","ZeAxv4Ptvd4f",6
"crylkOkVxPVu","BxZvSui1gUsF","ZeAxv4Ptvd4f",6
"5bc6rE5zZrz3","js0aeAzbYXmV","Mgv2HJDsckAd",6
"dasFG5DmpX1R","j8IboJtJOyIG","pBEL4V88AyIO",6
"adhlVos5utc3","7iiiinvyb0Fq","wx3pHVDwDubr",6
"XnrxttZTcmut","pBEL4V88AyIO","GyI894ka0iHn",6
"ABIzgC0CCY5c","Orexlyf618Ag","XbZKxrzuN9kD",6
"joquUMjyTMKg","Orexlyf618Ag","yIbNf9PsaY3S",6
"SUTj2s1p6Vh3","BxZvSui1gUsF","ZeAxv4Ptvd4f",6
"c3KyiIzS8E08","7iiiinvyb0Fq","zw0yxFLY7Wa2",6
"7oLhCq23Ybdw","wWxPdSP4BjVL","zw0yxFLY7Wa2",6
"fTEq3LddvYwd","Orexlyf618Ag","vhREvij6bcZ5",6
"ZYqEAQlQJhqJ","wWxPdSP4BjVL","zw0yxFLY7Wa2",6
"11yHynDg5jcG","js0aeAzbYXmV","nz7JhcCB6aKL",6
"twn7tF62sw4P","eFxpQ3L9pHys","M3bzuOMeD3x1",6
"Nn4kDihxTvxG","Orexlyf618Ag","yIbNf9PsaY3S",6
"xFTX5dHvOqHb","o36DXc3yjKvh","GyI894ka0iHn",6
"ffSfFG5KzQmd","eFxpQ3L9pHys","M3bzuOMeD3x1",6
"m4UNpKMAuBWK","js0aeAzbYXmV","Mgv2HJDsckAd",6
"qOJex0fM7WGI","eFxpQ3L9pHys","M3bzuOMeD3x1",6
"arrv6euJTmtp","eFxpQ3L9pHys","M3bzuOMeD3x1",6
"4rI0dLTYVANF","wWxPdSP4BjVL","zw0yxFLY7Wa2",6
"RIgYHlvgpci2","wWxPdSP4BjVL","zw0yxFLY7Wa2",6
"Iy1sz14XWZ83","js0aeAzbYXmV","Mgv2HJDsckAd",6
"YbsdjI4Lstzv","Orexlyf618Ag","XbZKxrzuN9kD",6
"cHdOdKrmMrvS","5e6kbk6C0ETq","Mgv2HJDsckAd",6
"rhDRZt6rhByK","wWxPdSP4BjVL","zw0yxFLY7Wa2",6
"E7ATkSx0Olg7","Cs1yxINnnrTh","j0zxzLCGIpgR",6
"iTY52lHbyaXF","eFxpQ3L9pHys","M3bzuOMeD3x1",6
"4bKRw5VYDLxI","js0aeAzbYXmV","XbZKxrzuN9kD",6
"x1X99vuj9Y7z","BxZvSui1gUsF","ZeAxv4Ptvd4f",6
"kOkW866Ga3XV","wWxPdSP4BjVL","zw0yxFLY7Wa2",6
"UD1PgxRuoPu8","js0aeAzbYXmV","nz7JhcCB6aKL",6
"g8U4tWgq5BqR","Ses39htiYJ2A","Mgv2HJDsckAd",6
"zgKzFR1pfcwZ","eFxpQ3L9pHys","e2lBTDxw43uq",6
"Vk1dlfVfdDIt","Ses39htiYJ2A","Mgv2HJDsckAd",6
"ot6Xr53UXMH3","Orexlyf618Ag","yIbNf9PsaY3S",6
"hNiM1N5HfUQy","eFxpQ3L9pHys","e2lBTDxw43uq",6
"u2HOA7y3Ns9a","fQt83eBD3ClN","vhREvij6bcZ5",6
"YEINbBBxKSCD","Cs1yxINnnrTh","j0zxzLCGIpgR",6
"5FmUBxCZNqrE","o36DXc3yjKvh","GyI894ka0iHn",6
"JrRBLVtUKo1E","Orexlyf618Ag","yIbNf9PsaY3S",6
"3VyVUvervh8c","Ses39htiYJ2A","Mgv2HJDsckAd",6
"3MY0JctMHeo2","BxZvSui1gUsF","ZeAxv4Ptvd4f",6
"dIYz0aXzbg0I","js0aeAzbYXmV","Mgv2HJDsckAd",6
"2auZ451Mz1rX","Cs1yxINnnrTh","ijXppBKqeBN1",6
"sg4SLDmCkseU","wWxPdSP4BjVL","zw0yxFLY7Wa2",6
"jaVYaBXShjZz","BxZvSui1gUsF","ZeAxv4Ptvd4f",6
"jSRi224xUOkO","Cs1yxINnnrTh","j0zxzLCGIpgR",6
"sBZKh4Md4iSj","YmJUTW1Jzzn0","yIbNf9PsaY3S",6
"6lPvEQDAq9EI","wWxPdSP4BjVL","zw0yxFLY7Wa2",6
"ooiD7FFYyH2e","js0aeAzbYXmV","nz7JhcCB6aKL",6
"MHdzlJtSnYVP","eFxpQ3L9pHys","M3bzuOMeD3x1",6
"jMnBVI71KYke","js0aeAzbYXmV","XbZKxrzuN9kD",6
"Fbhal1UQwD9h","fQt83eBD3ClN","vhREvij6bcZ5",6
"LiweSslpdL52","BxZvSui1gUsF","nz7JhcCB6aKL",6
"NSSP1HMhdEQr","BxZvSui1gUsF","ZeAxv4Ptvd4f",6
"SvWnZpU4u2zw","BxZvSui1gUsF","ZeAxv4Ptvd4f",6
"ad2ibfWadi7W","o36DXc3yjKvh","seRg6TAM2F0c",6
"8TvZX4fAHTpQ","eFxpQ3L9pHys","e2lBTDxw43uq",6
"Mznprm3mvA2L","eFxpQ3L9pHys","M3bzuOMeD3x1",6
"3fI7h5tKXyUg","eFxpQ3L9pHys","M3bzuOMeD3x1",6
"eMUWOd3g8kPa","pBEL4V88AyIO","GyI894ka0iHn",6
"KzAIN1szupmS","js0aeAzbYXmV","XbZKxrzuN9kD",6
"ukUQRj2QpXkl","wWxPdSP4BjVL","zw0yxFLY7Wa2",6
"cG1AYbzyDpGY","Ses39htiYJ2A","Mgv2HJDsckAd",6
"83MoVCBYWDjO","wWxPdSP4BjVL","zw0yxFLY7Wa2",6
"OmNi1SeZTzjG","wWxPdSP4BjVL","zw0yxFLY7Wa2",6
"IT1NAwZWbDwE","eFxpQ3L9pHys","M3bzuOMeD3x1",6
"RpeyXULhEKsK","Ses39htiYJ2A","Mgv2HJDsckAd",6
"MF2PrXlEhgCC","BxZvSui1gUsF","nz7JhcCB6aKL",6
"05ynV1GbM2CV","wWxPdSP4BjVL","zw0yxFLY7Wa2",6
"8GYzOOXu3ZUb","wWxPdSP4BjVL","zw0yxFLY7Wa2",6
"vhMFgyxSOFxp","Ses39htiYJ2A","Mgv2HJDsckAd",6
"xPlD8PYIQDRO","BxZvSui1gUsF","ZeAxv4Ptvd4f",6
"2BemIaTl35lQ","5e6kbk6C0ETq","77x37Oj0Rx5E",6
"CngLMLzUovyC","fQt83eBD3ClN","vhREvij6bcZ5",6
"D1CRV9dUNZLE","js0aeAzbYXmV","XbZKxrzuN9kD",6
"zYBI6iW1cLsk","fQt83eBD3ClN","ijXppBKqeBN1",6
"QDvwBoIt4B6K","o36DXc3yjKvh","YmJUTW1Jzzn0",6
"72MW86YQjQiO","wWxPdSP4BjVL","zw0yxFLY7Wa2",6
"g0yEokkvgpKP","Orexlyf618Ag","yIbNf9PsaY3S",6
"SG4eIC9fg0Zj","j8IboJtJOyIG","pBEL4V88AyIO",6
"HXHcFica7eKK","eFxpQ3L9pHys","M3bzuOMeD3x1",6
"oOIK5WWMpwFS","5e6kbk6C0ETq","acXGIq79KFA1",6
"lR298gUaMbV9","eFxpQ3L9pHys","M3bzuOMeD3x1",6
"aRMn0uVOeBFg","7iiiinvyb0Fq","wx3pHVDwDubr",6
"Y95vNSLHcKO7","Orexlyf618Ag","yIbNf9PsaY3S",6
"W2iUu3qSngkk","BxZvSui1gUsF","ZeAxv4Ptvd4f",6
"cdd4fpbWwKmG","wWxPdSP4BjVL","zw0yxFLY7Wa2",6
"GOp2bVt7IuTZ","Cs1yxINnnrTh","ijXppBKqeBN1",6
"dBAcnJUBHZVD","Ses39htiYJ2A","Mgv2HJDsckAd",6
"NBDh7hO2s3pJ","eFxpQ3L9pHys","nz7JhcCB6aKL",6
"BCH7v3I8l0WI","pBEL4V88AyIO","GyI894ka0iHn",6
"rg2qZAuPpZPF","eFxpQ3L9pHys","M3bzuOMeD3x1",6
"DtfWyK3Aatpr","eFxpQ3L9pHys","e2lBTDxw43uq",6
"7EIF3mfVAHlE","eFxpQ3L9pHys","e2lBTDxw43uq",6
"a1SYluM6FGuN","wWxPdSP4BjVL","zw0yxFLY7Wa2",6
"4gIwRLRVwh3d","Orexlyf618Ag","yIbNf9PsaY3S",6
"zih2Vg3GKKgY","fQt83eBD3ClN","seRg6TAM2F0c",6
